roll_number,a_r,b_r,mu,lambda,c,samples
102317229,0.0,1.5,25.809622897811263,0.001460436525489001,0.021560876239314918,419509
